,predictions,actuals,file_name
0,['Tridecase'],['iridaceae'],../data/sampled_images/Monotype Corsiva/Image_2098.jpg
1,"[""officer's""]","[""effector's""]",../data/sampled_images/Monotype Corsiva/Image_1262.jpg
2,['was'],['tittery'],../data/sampled_images/Monotype Corsiva/Image_4368.jpg
3,['proportetic'],['photospectroscopical'],../data/sampled_images/Monotype Corsiva/Image_3150.jpg
4,['unchingessors'],['unchangingness'],../data/sampled_images/Monotype Corsiva/Image_4555.jpg
5,['monvising'],['nonvisiting'],../data/sampled_images/Monotype Corsiva/Image_2809.jpg
6,['airogether'],['airfreighter'],../data/sampled_images/Monotype Corsiva/Image_92.jpg
7,['distroance'],['digitato-palmate'],../data/sampled_images/Monotype Corsiva/Image_1101.jpg
8,['stimress'],['stirless'],../data/sampled_images/Monotype Corsiva/Image_4071.jpg
9,['where'],['whelklike'],../data/sampled_images/Monotype Corsiva/Image_4882.jpg
10,['matreg'],['madreperl'],../data/sampled_images/Monotype Corsiva/Image_2405.jpg
11,['has'],['haaf'],../data/sampled_images/Monotype Corsiva/Image_1723.jpg
12,['narcears'],['marinara'],../data/sampled_images/Monotype Corsiva/Image_2444.jpg
13,['entities'],['enteritidis'],../data/sampled_images/Monotype Corsiva/Image_1327.jpg
14,['accculated'],['aciculated'],../data/sampled_images/Monotype Corsiva/Image_38.jpg
15,['basare'],['basaree'],../data/sampled_images/Monotype Corsiva/Image_348.jpg
16,['sighes'],['sphyraena'],../data/sampled_images/Monotype Corsiva/Image_4000.jpg
17,['sayable'],['sayable'],../data/sampled_images/Monotype Corsiva/Image_3733.jpg
18,['ralers-'],['valero-'],../data/sampled_images/Monotype Corsiva/Image_4767.jpg
19,['parplace'],['paralyze'],../data/sampled_images/Monotype Corsiva/Image_3043.jpg
20,['sacith'],['jacinth'],../data/sampled_images/Verdana/Image_2098.jpg
21,['echin'],['echini'],../data/sampled_images/Verdana/Image_1262.jpg
22,['Presidentitable'],['threskiornithidae'],../data/sampled_images/Verdana/Image_4368.jpg
23,['phonsonate'],['phosphonate'],../data/sampled_images/Verdana/Image_3150.jpg
24,['onceative'],['uncongestive'],../data/sampled_images/Verdana/Image_4555.jpg
25,['ob'],['obit'],../data/sampled_images/Verdana/Image_2809.jpg
26,['Alexishated'],['alexishafen'],../data/sampled_images/Verdana/Image_92.jpg
27,['decick'],['depictment'],../data/sampled_images/Verdana/Image_1101.jpg
28,['shinterestate'],['sphincterate'],../data/sampled_images/Verdana/Image_4071.jpg
29,['with-would'],['welsh-wrought'],../data/sampled_images/Verdana/Image_4882.jpg
30,['mastlike'],['marshlike'],../data/sampled_images/Verdana/Image_2405.jpg
31,['grplins'],['graplins'],../data/sampled_images/Verdana/Image_1723.jpg
32,['methodly'],['melodiously'],../data/sampled_images/Verdana/Image_2444.jpg
33,['engained'],['engrained'],../data/sampled_images/Verdana/Image_1327.jpg
34,['accothers'],['acroliths'],../data/sampled_images/Verdana/Image_38.jpg
35,['black-eming'],['ballast-cleaning'],../data/sampled_images/Verdana/Image_348.jpg
36,['sifty'],['sniffly'],../data/sampled_images/Verdana/Image_4000.jpg
37,['standstones'],['sandstones'],../data/sampled_images/Verdana/Image_3733.jpg
38,['which'],['varick'],../data/sampled_images/Verdana/Image_4767.jpg
39,['periodical'],['parochial'],../data/sampled_images/Verdana/Image_3043.jpg
40,['telredictable'],['intellectualise'],../data/sampled_images/Consolas/Image_2098.jpg
41,['occes'],['droseras'],../data/sampled_images/Consolas/Image_1262.jpg
42,['transmitted'],['tonsillith'],../data/sampled_images/Consolas/Image_4368.jpg
43,['ppportcase'],['picotee'],../data/sampled_images/Consolas/Image_3150.jpg
44,['underposated'],['undespoiled'],../data/sampled_images/Consolas/Image_4555.jpg
45,['notherers'],['northeasters'],../data/sampled_images/Consolas/Image_2809.jpg
46,['affine'],['aldine'],../data/sampled_images/Consolas/Image_92.jpg
47,['decogetherly'],['derogatively'],../data/sampled_images/Consolas/Image_1101.jpg
48,['stconcerting'],['stonecutting'],../data/sampled_images/Consolas/Image_4071.jpg
49,['west-masterly'],['west-northwesterly'],../data/sampled_images/Consolas/Image_4882.jpg
50,['majority'],['macaronical'],../data/sampled_images/Consolas/Image_2405.jpg
51,[' Glyicine'],['glycine'],../data/sampled_images/Consolas/Image_1723.jpg
52,['marriedusing'],['mamurius'],../data/sampled_images/Consolas/Image_2444.jpg
53,['enable'],['embarge'],../data/sampled_images/Consolas/Image_1327.jpg
54,['acidavof'],['acidproof'],../data/sampled_images/Consolas/Image_38.jpg
55,['barbeals'],['barbellula'],../data/sampled_images/Consolas/Image_348.jpg
56,['spuc'],['spicers'],../data/sampled_images/Consolas/Image_4000.jpg
57,['sheller'],['scheller'],../data/sampled_images/Consolas/Image_3733.jpg
58,['pattern'],['vatter'],../data/sampled_images/Consolas/Image_4767.jpg
59,['position'],['passionwort'],../data/sampled_images/Consolas/Image_3043.jpg
60,['indotherating'],['intolerating'],../data/sampled_images/News Gothic/Image_2098.jpg
61,['drarcer'],['dramseller'],../data/sampled_images/News Gothic/Image_1262.jpg
62,['thfamily'],['thrangity'],../data/sampled_images/News Gothic/Image_4368.jpg
63,['preportous'],['phaeosporous'],../data/sampled_images/News Gothic/Image_3150.jpg
64,['unyaverly'],['unavowedly'],../data/sampled_images/News Gothic/Image_4555.jpg
65,['horcountry'],['northcountryman'],../data/sampled_images/News Gothic/Image_2809.jpg
66,['Attasterens'],['albategnius'],../data/sampled_images/News Gothic/Image_92.jpg
67,['delucary'],['delusory'],../data/sampled_images/News Gothic/Image_1101.jpg
68,['sucy'],['squamously'],../data/sampled_images/News Gothic/Image_4071.jpg
69,['methoded'],['well-locked'],../data/sampled_images/News Gothic/Image_4882.jpg
70,['mallrophe'],['malladrite'],../data/sampled_images/News Gothic/Image_2405.jpg
71,['Godder'],['godden'],../data/sampled_images/News Gothic/Image_1723.jpg
72,['mayacle'],['magacycle'],../data/sampled_images/News Gothic/Image_2444.jpg
73,['relanter'],['eglateen'],../data/sampled_images/News Gothic/Image_1327.jpg
74,['actionogenical'],['actinometrical'],../data/sampled_images/News Gothic/Image_38.jpg
75,['bastating'],['bagattini'],../data/sampled_images/News Gothic/Image_348.jpg
76,['shows'],['snowlands'],../data/sampled_images/News Gothic/Image_4000.jpg
77,['sombtake'],['safe-breaker'],../data/sampled_images/News Gothic/Image_3733.jpg
78,['Larcant'],['vanzant'],../data/sampled_images/News Gothic/Image_4767.jpg
79,['paper-illed'],['paper-filled'],../data/sampled_images/News Gothic/Image_3043.jpg
80,['unable'],['infernible'],../data/sampled_images/Hombre/Image_2098.jpg
81,['butbart'],['dunbarton'],../data/sampled_images/Hombre/Image_1262.jpg
82,['rockcomed'],['tobaccowood'],../data/sampled_images/Hombre/Image_4368.jpg
83,['arcron'],['petronia'],../data/sampled_images/Hombre/Image_3150.jpg
84,['unically'],['uncubically'],../data/sampled_images/Hombre/Image_4555.jpg
85,['nplicity'],['nonpliability'],../data/sampled_images/Hombre/Image_2809.jpg
86,['1eyes'],['alcyones'],../data/sampled_images/Hombre/Image_92.jpg
87,['apps'],['depthing'],../data/sampled_images/Hombre/Image_1101.jpg
88,['prom-emating'],['stem-bearing'],../data/sampled_images/Hombre/Image_4071.jpg
89,['unward'],['well-weaved'],../data/sampled_images/Hombre/Image_4882.jpg
90,['torn'],['loria'],../data/sampled_images/Hombre/Image_2405.jpg
91,['slance'],['glance'],../data/sampled_images/Hombre/Image_1723.jpg
92,['married'],['macrourid'],../data/sampled_images/Hombre/Image_2444.jpg
93,['ay'],['elymi'],../data/sampled_images/Hombre/Image_1327.jpg
94,['actionocers'],['actinometers'],../data/sampled_images/Hombre/Image_38.jpg
95,['Inter-'],['bacterioscopically'],../data/sampled_images/Hombre/Image_348.jpg
96,['perpoint'],['spear-pointed'],../data/sampled_images/Hombre/Image_4000.jpg
97,['savy'],['savoy'],../data/sampled_images/Hombre/Image_3733.jpg
98,['reported'],['vaporised'],../data/sampled_images/Hombre/Image_4767.jpg
99,['palks'],['palis'],../data/sampled_images/Hombre/Image_3043.jpg
100,['insryively'],['inscriptively'],../data/sampled_images/Perpetua/Image_2098.jpg
101,['was'],['dtas'],../data/sampled_images/Perpetua/Image_1262.jpg
102,['nosis'],['toxicate'],../data/sampled_images/Perpetua/Image_4368.jpg
103,['Publica'],['philathea'],../data/sampled_images/Perpetua/Image_3150.jpg
104,['negotiical'],['unegotistical'],../data/sampled_images/Perpetua/Image_4555.jpg
105,['nonderisite'],['nonmiscible'],../data/sampled_images/Perpetua/Image_2809.jpg
106,['alauda'],['alada'],../data/sampled_images/Perpetua/Image_92.jpg
107,['depletions'],['depletions'],../data/sampled_images/Perpetua/Image_1101.jpg
108,['stodding'],['stockinged'],../data/sampled_images/Perpetua/Image_4071.jpg
109,['were'],['wielare'],../data/sampled_images/Perpetua/Image_4882.jpg
110,['logisterly'],['logistically'],../data/sampled_images/Perpetua/Image_2405.jpg
111,['globulous'],['globuloid'],../data/sampled_images/Perpetua/Image_1723.jpg
112,['medamed'],['macrauchenioid'],../data/sampled_images/Perpetua/Image_2444.jpg
113,['important'],['elkhart'],../data/sampled_images/Perpetua/Image_1327.jpg
114,['Aomes'],['acolapissa'],../data/sampled_images/Perpetua/Image_38.jpg
115,['-'],['back sirate'],../data/sampled_images/Perpetua/Image_348.jpg
116,['spimmising'],['spinstership'],../data/sampled_images/Perpetua/Image_4000.jpg
117,['searchate'],['scotch-tape'],../data/sampled_images/Perpetua/Image_3733.jpg
118,['reerves'],['vernixes'],../data/sampled_images/Perpetua/Image_4767.jpg
119,['parproots'],['paramyxovirus'],../data/sampled_images/Perpetua/Image_3043.jpg
120,['isous'],['ious'],../data/sampled_images/Times New Roman/Image_2098.jpg
121,['electroetic'],['electrophonic'],../data/sampled_images/Times New Roman/Image_1262.jpg
122,['not'],['ticketed'],../data/sampled_images/Times New Roman/Image_4368.jpg
123,['Phroes'],['phytozoa'],../data/sampled_images/Times New Roman/Image_3150.jpg
124,['underer'],['undergoer'],../data/sampled_images/Times New Roman/Image_4555.jpg
125,['horproarated'],['nonpropagandist'],../data/sampled_images/Times New Roman/Image_2809.jpg
126,['discac'],['alcaeus'],../data/sampled_images/Times New Roman/Image_92.jpg
127,['discudary'],['dianoialogy'],../data/sampled_images/Times New Roman/Image_1101.jpg
128,['stastrophe'],['stereotropic'],../data/sampled_images/Times New Roman/Image_4071.jpg
129,['whculated'],['wheelabrated'],../data/sampled_images/Times New Roman/Image_4882.jpg
130,['mon-agh'],['magnetograph'],../data/sampled_images/Times New Roman/Image_2405.jpg
131,['sum-un'],['gum-lac'],../data/sampled_images/Times New Roman/Image_1723.jpg
132,['mirque'],['marquee'],../data/sampled_images/Times New Roman/Image_2444.jpg
133,['Eralina'],['ermalinda'],../data/sampled_images/Times New Roman/Image_1327.jpg
134,['achogan'],['achigan'],../data/sampled_images/Times New Roman/Image_38.jpg
135,['bram-em'],['bargain-basement'],../data/sampled_images/Times New Roman/Image_348.jpg
136,['spears'],['sparus'],../data/sampled_images/Times New Roman/Image_4000.jpg
137,['seandy'],['scanty'],../data/sampled_images/Times New Roman/Image_3733.jpg
138,['absor-etic'],['vasohypotonic'],../data/sampled_images/Times New Roman/Image_4767.jpg
139,['part-time'],['part-time'],../data/sampled_images/Times New Roman/Image_3043.jpg
140,['1auesia'],['iphagenia'],../data/sampled_images/Bembo/Image_2098.jpg
141,['officl'],['effluvia'],../data/sampled_images/Bembo/Image_1262.jpg
142,['too-icity'],['too-dainty'],../data/sampled_images/Bembo/Image_4368.jpg
143,['premendous'],['pneumonophorous'],../data/sampled_images/Bembo/Image_3150.jpg
144,['underholdating'],['undeteriorating'],../data/sampled_images/Bembo/Image_4555.jpg
145,['occemed'],['oedemerid'],../data/sampled_images/Bembo/Image_2809.jpg
146,['against'],['agust'],../data/sampled_images/Bembo/Image_92.jpg
147,['decvotes'],['devotees'],../data/sampled_images/Bembo/Image_1101.jpg
148,['stro'],['stroil'],../data/sampled_images/Bembo/Image_4071.jpg
149,['well-transated'],['well-translated'],../data/sampled_images/Bembo/Image_4882.jpg
150,['many-emating'],['many-bleating'],../data/sampled_images/Bembo/Image_2405.jpg
151,['grively'],['gristly'],../data/sampled_images/Bembo/Image_1723.jpg
152,['negalesia'],['megaloglossia'],../data/sampled_images/Bembo/Image_2444.jpg
153,['schoolole'],['entocoele'],../data/sampled_images/Bembo/Image_1327.jpg
154,['action'],['acrogen'],../data/sampled_images/Bembo/Image_38.jpg
155,['band'],['bandeau'],../data/sampled_images/Bembo/Image_348.jpg
156,['sprward'],['springwurzel'],../data/sampled_images/Bembo/Image_4000.jpg
157,['self-emally'],['self-complacently'],../data/sampled_images/Bembo/Image_3733.jpg
158,['hypories'],['vaporiness'],../data/sampled_images/Bembo/Image_4767.jpg
159,['PENer'],['percheron'],../data/sampled_images/Bembo/Image_3043.jpg
160,['insobicity'],['insobriety'],../data/sampled_images/Californian FB/Image_2098.jpg
161,['Dready'],['dreddy'],../data/sampled_images/Californian FB/Image_1262.jpg
162,['unroency'],['thyreoidectomy'],../data/sampled_images/Californian FB/Image_4368.jpg
163,['persities'],['personifies'],../data/sampled_images/Californian FB/Image_3150.jpg
164,['made'],['uncocks'],../data/sampled_images/Californian FB/Image_4555.jpg
165,['horatriities'],['nonprivities'],../data/sampled_images/Californian FB/Image_2809.jpg
166,['aircraft'],['aircraft'],../data/sampled_images/Californian FB/Image_92.jpg
167,['decunder'],['demander'],../data/sampled_images/Californian FB/Image_1101.jpg
168,['standadation'],['standardization'],../data/sampled_images/Californian FB/Image_4071.jpg
169,['well-field'],['well-fielded'],../data/sampled_images/Californian FB/Image_4882.jpg
170,['Imm-ore'],['luminophore'],../data/sampled_images/Californian FB/Image_2405.jpg
171,['-'],['gloveress'],../data/sampled_images/Californian FB/Image_1723.jpg
172,['match'],['mapach'],../data/sampled_images/Californian FB/Image_2444.jpg
173,['elect-etic'],['electro-osmotic'],../data/sampled_images/Californian FB/Image_1327.jpg
174,['arcarcase'],['acraeinae'],../data/sampled_images/Californian FB/Image_38.jpg
175,['attomary'],['autohemotherapy'],../data/sampled_images/Californian FB/Image_348.jpg
176,['sum-anted'],['sour-tasted'],../data/sampled_images/Californian FB/Image_4000.jpg
177,['saida'],['sandastra'],../data/sampled_images/Californian FB/Image_3733.jpg
178,['unlles'],['usableness'],../data/sampled_images/Californian FB/Image_4767.jpg
179,['patternaptagh'],['pallograph'],../data/sampled_images/Californian FB/Image_3043.jpg
180,['janting'],['jauking'],../data/sampled_images/Century/Image_2098.jpg
181,['Enanus'],['enalus'],../data/sampled_images/Century/Image_1262.jpg
182,['horro'],['tricrotism'],../data/sampled_images/Century/Image_4368.jpg
183,['plocentFUL'],['placeful'],../data/sampled_images/Century/Image_3150.jpg
184,['unanted'],['ungranted'],../data/sampled_images/Century/Image_4555.jpg
185,['Oppro'],['oenotrian'],../data/sampled_images/Century/Image_2809.jpg
186,['activity'],['aktivist'],../data/sampled_images/Century/Image_92.jpg
187,['dredral'],['direct-mail'],../data/sampled_images/Century/Image_1101.jpg
188,['subculies'],['subclassifies'],../data/sampled_images/Century/Image_4071.jpg
189,['whritbrown'],['whity-brown'],../data/sampled_images/Century/Image_4882.jpg
190,['Mealdon'],['magalonyx'],../data/sampled_images/Century/Image_2405.jpg
191,['happen'],['hapteron'],../data/sampled_images/Century/Image_1723.jpg
192,['methodical'],['metropolitical'],../data/sampled_images/Century/Image_2444.jpg
193,['Honsoner'],['etrusco-roman'],../data/sampled_images/Century/Image_1327.jpg
194,['actionn'],['actinometricy'],../data/sampled_images/Century/Image_38.jpg
195,['bant'],['barf'],../data/sampled_images/Century/Image_348.jpg
196,['state'],['stateliest'],../data/sampled_images/Century/Image_4000.jpg
197,['self-eared'],['self-assured'],../data/sampled_images/Century/Image_3733.jpg
198,['vicity'],['vicinity'],../data/sampled_images/Century/Image_4767.jpg
199,['ponderer'],['pedometer'],../data/sampled_images/Century/Image_3043.jpg
200,['inspendous'],['jaspideous'],../data/sampled_images/Palatino linotype/Image_2098.jpg
201,['emisar'],['emissarium'],../data/sampled_images/Palatino linotype/Image_1262.jpg
202,['Mandy'],['thioindigo'],../data/sampled_images/Palatino linotype/Image_4368.jpg
203,['poleical'],['podzolic'],../data/sampled_images/Palatino linotype/Image_3150.jpg
204,['unverse'],['unaverse'],../data/sampled_images/Palatino linotype/Image_4555.jpg
205,['onic'],['omicron'],../data/sampled_images/Palatino linotype/Image_2809.jpg
206,['Aexend'],['alexandro'],../data/sampled_images/Palatino linotype/Image_92.jpg
207,['dombbook'],['dilambdodont'],../data/sampled_images/Palatino linotype/Image_1101.jpg
208,['sumocend'],['squamosotemporal'],../data/sampled_images/Palatino linotype/Image_4071.jpg
209,['well-rel'],['well-valeted'],../data/sampled_images/Palatino linotype/Image_4882.jpg
210,['Mculem'],['maulmain'],../data/sampled_images/Palatino linotype/Image_2405.jpg
211,['hermedance'],['hammertoe'],../data/sampled_images/Palatino linotype/Image_1723.jpg
212,['methodly'],['meritoriously'],../data/sampled_images/Palatino linotype/Image_2444.jpg
213,['exurate'],['esquamate'],../data/sampled_images/Palatino linotype/Image_1327.jpg
214,['actillingual'],['acutilingual'],../data/sampled_images/Palatino linotype/Image_38.jpg
215,['barple'],['barbule'],../data/sampled_images/Palatino linotype/Image_348.jpg
216,['sombed'],['somnolences'],../data/sampled_images/Palatino linotype/Image_4000.jpg
217,['sactory'],['scarecrowy'],../data/sampled_images/Palatino linotype/Image_3733.jpg
218,['radllates'],['vacillates'],../data/sampled_images/Palatino linotype/Image_4767.jpg
219,['Perey'],['petrey'],../data/sampled_images/Palatino linotype/Image_3043.jpg
220,['in'],['invent'],../data/sampled_images/Corbel/Image_2098.jpg
221,['fireanach'],['eireannarch'],../data/sampled_images/Corbel/Image_1262.jpg
222,['totalal'],['totalize'],../data/sampled_images/Corbel/Image_4368.jpg
223,['pink'],['piki'],../data/sampled_images/Corbel/Image_3150.jpg
224,['undering'],"[""underling's""]",../data/sampled_images/Corbel/Image_4555.jpg
225,['horroy'],['norroy'],../data/sampled_images/Corbel/Image_2809.jpg
226,['air-bour'],['air-bound'],../data/sampled_images/Corbel/Image_92.jpg
227,['disroes'],['diapophyses'],../data/sampled_images/Corbel/Image_1101.jpg
228,['speer'],['steerer'],../data/sampled_images/Corbel/Image_4071.jpg
229,['whelators'],['wellsburg'],../data/sampled_images/Corbel/Image_4882.jpg
230,['make'],['makefast'],../data/sampled_images/Corbel/Image_2405.jpg
231,['grculetic'],['gradualistic'],../data/sampled_images/Corbel/Image_1723.jpg
232,['Marcples'],['maroilles'],../data/sampled_images/Corbel/Image_2444.jpg
233,['absorwoming'],['enwombing'],../data/sampled_images/Corbel/Image_1327.jpg
234,['actionreditable'],['acknowledgeable'],../data/sampled_images/Corbel/Image_38.jpg
235,['band'],['bandhook'],../data/sampled_images/Corbel/Image_348.jpg
236,['sparily'],['spankily'],../data/sampled_images/Corbel/Image_4000.jpg
237,['scansions'],['scansions'],../data/sampled_images/Corbel/Image_3733.jpg
238,['valks'],['valkyrian'],../data/sampled_images/Corbel/Image_4767.jpg
239,['porneyendous'],['parenchymous'],../data/sampled_images/Corbel/Image_3043.jpg
240,['link'],['inklike'],../data/sampled_images/Arial/Image_2098.jpg
241,['domin'],['dominium'],../data/sampled_images/Arial/Image_1262.jpg
242,['tidespread'],['tide-ribbed'],../data/sampled_images/Arial/Image_4368.jpg
243,['personal'],['perryhall'],../data/sampled_images/Arial/Image_3150.jpg
244,['uncompished'],['uncampassioned'],../data/sampled_images/Arial/Image_4555.jpg
245,['monconcertit'],['noncounterfeit'],../data/sampled_images/Arial/Image_2809.jpg
246,['able'],['albanite'],../data/sampled_images/Arial/Image_92.jpg
247,['decressessors'],['decisiveness'],../data/sampled_images/Arial/Image_1101.jpg
248,['speritals'],['spitals'],../data/sampled_images/Arial/Image_4071.jpg
249,['whicking'],['whickering'],../data/sampled_images/Arial/Image_4882.jpg
250,['llurb'],['lub'],../data/sampled_images/Arial/Image_2405.jpg
251,['disomine'],['gismondine'],../data/sampled_images/Arial/Image_1723.jpg
252,['monogency'],['mahagony'],../data/sampled_images/Arial/Image_2444.jpg
253,['exelling'],['ecuelling'],../data/sampled_images/Arial/Image_1327.jpg
254,['addport'],['adderbolt'],../data/sampled_images/Arial/Image_38.jpg
255,['authorprockide'],['aurochloride'],../data/sampled_images/Arial/Image_348.jpg
256,['smung'],['smug'],../data/sampled_images/Arial/Image_4000.jpg
257,['sombating'],['sabbatine'],../data/sampled_images/Arial/Image_3733.jpg
258,['value'],['valure'],../data/sampled_images/Arial/Image_4767.jpg
259,['prodes'],['paleochorologist'],../data/sampled_images/Arial/Image_3043.jpg
260,['invine'],['intine'],../data/sampled_images/Calvin/Image_2098.jpg
261,['Cheles'],['earlobes'],../data/sampled_images/Calvin/Image_1262.jpg
262,['TOaware'],['toleware'],../data/sampled_images/Calvin/Image_4368.jpg
263,['plunkase'],['plankage'],../data/sampled_images/Calvin/Image_3150.jpg
264,['underward'],['undelineated'],../data/sampled_images/Calvin/Image_4555.jpg
265,['ober'],['objected'],../data/sampled_images/Calvin/Image_2809.jpg
266,['from-'],['agromyzidae'],../data/sampled_images/Calvin/Image_92.jpg
267,['desIGHTary'],['designating'],../data/sampled_images/Calvin/Image_1101.jpg
268,['spickmen'],['stockmen'],../data/sampled_images/Calvin/Image_4071.jpg
269,['was'],['wesla'],../data/sampled_images/Calvin/Image_4882.jpg
270,['neaviour'],['malakoff'],../data/sampled_images/Calvin/Image_2405.jpg
271,['Germany'],['grapery'],../data/sampled_images/Calvin/Image_1723.jpg
272,['mes'],['mayvins'],../data/sampled_images/Calvin/Image_2444.jpg
273,['and'],['enamel'],../data/sampled_images/Calvin/Image_1327.jpg
274,['accessoc'],['acrobats'],../data/sampled_images/Calvin/Image_38.jpg
275,['back-em'],['back-palm'],../data/sampled_images/Calvin/Image_348.jpg
276,['search-'],['spectrohelioscopic'],../data/sampled_images/Calvin/Image_4000.jpg
277,['school'],['scold'],../data/sampled_images/Calvin/Image_3733.jpg
278,['were'],['uvella'],../data/sampled_images/Calvin/Image_4767.jpg
279,['paver'],['penner'],../data/sampled_images/Calvin/Image_3043.jpg
280,['interculals'],['inerrelates'],../data/sampled_images/Didot/Image_2098.jpg
281,['cribe'],['edible'],../data/sampled_images/Didot/Image_1262.jpg
282,['Inter-'],['thumb-rope'],../data/sampled_images/Didot/Image_4368.jpg
283,['phucem'],['phyeochrom'],../data/sampled_images/Didot/Image_3150.jpg
284,['under-'],['undepleted'],../data/sampled_images/Didot/Image_4555.jpg
285,['miraster'],['nuzzler'],../data/sampled_images/Didot/Image_2809.jpg
286,['Inter-redict'],['albuminurophobia'],../data/sampled_images/Didot/Image_92.jpg
287,['Dememals'],['deuterostomata'],../data/sampled_images/Didot/Image_1101.jpg
288,['-'],['stomachy'],../data/sampled_images/Didot/Image_4071.jpg
289,['individual'],['whinehat'],../data/sampled_images/Didot/Image_4882.jpg
290,['measter'],['maestra'],../data/sampled_images/Didot/Image_2405.jpg
291,['comed'],['gounod'],../data/sampled_images/Didot/Image_1723.jpg
292,['mounds'],['manwards'],../data/sampled_images/Didot/Image_2444.jpg
293,['continent'],['enshrinement'],../data/sampled_images/Didot/Image_1327.jpg
294,['economocessors'],['adenocarcinoma'],../data/sampled_images/Didot/Image_38.jpg
295,['Baptes'],['baptlsta'],../data/sampled_images/Didot/Image_348.jpg
296,['speal'],['spital'],../data/sampled_images/Didot/Image_4000.jpg
297,['saver'],['sawer'],../data/sampled_images/Didot/Image_3733.jpg
298,['ranged'],['venged'],../data/sampled_images/Didot/Image_4767.jpg
299,['pandonem'],['patrolwomen'],../data/sampled_images/Didot/Image_3043.jpg
300,['nanting'],['incarnalizing'],../data/sampled_images/Baskerville/Image_2098.jpg
301,['blood'],['dlcu'],../data/sampled_images/Baskerville/Image_1262.jpg
302,['thought-eming'],['thought-challenging'],../data/sampled_images/Baskerville/Image_4368.jpg
303,['pacisite'],['phacolite'],../data/sampled_images/Baskerville/Image_3150.jpg
304,['unlyorney'],['unblameworthy'],../data/sampled_images/Baskerville/Image_4555.jpg
305,['nondereemable'],['nonmoveable'],../data/sampled_images/Baskerville/Image_2809.jpg
306,['aircoables'],['aircoaches'],../data/sampled_images/Baskerville/Image_92.jpg
307,['dundering'],['dandering'],../data/sampled_images/Baskerville/Image_1101.jpg
308,['speears'],['speary'],../data/sampled_images/Baskerville/Image_4071.jpg
309,['what-earit'],"[""what-d'ye-call-it""]",../data/sampled_images/Baskerville/Image_4882.jpg
310,['likress'],['likeness'],../data/sampled_images/Baskerville/Image_2405.jpg
311,['continating'],['gesticulating'],../data/sampled_images/Baskerville/Image_1723.jpg
312,['lovele'],['lucelle'],../data/sampled_images/Baskerville/Image_2444.jpg
313,['Dotherem'],['dyothelitism'],../data/sampled_images/Baskerville/Image_1327.jpg
314,['actable'],['actable'],../data/sampled_images/Baskerville/Image_38.jpg
315,['Bahlism'],['babiism'],../data/sampled_images/Baskerville/Image_348.jpg
316,['single'],['skyugle'],../data/sampled_images/Baskerville/Image_4000.jpg
317,['rubificated'],['rubricated'],../data/sampled_images/Baskerville/Image_3733.jpg
318,['whroes'],['urethrovesical'],../data/sampled_images/Baskerville/Image_4767.jpg
319,['par-ating'],['paper-cutting'],../data/sampled_images/Baskerville/Image_3043.jpg
320,['isotherres'],['isotheres'],../data/sampled_images/Calligraphy/Image_2098.jpg
321,['economcious'],['ecumenicism'],../data/sampled_images/Calligraphy/Image_1262.jpg
322,['Losenies'],['toggeries'],../data/sampled_images/Calligraphy/Image_4368.jpg
323,['pithress'],['pithiness'],../data/sampled_images/Calligraphy/Image_3150.jpg
324,['underculance'],['underbalance'],../data/sampled_images/Calligraphy/Image_4555.jpg
325,['occuss'],['oestruses'],../data/sampled_images/Calligraphy/Image_2809.jpg
326,['Apart'],['ajani'],../data/sampled_images/Calligraphy/Image_92.jpg
327,['seonson'],['devoteeism'],../data/sampled_images/Calligraphy/Image_1101.jpg
328,['stim-bar'],['stick-lac'],../data/sampled_images/Calligraphy/Image_4071.jpg
329,['who'],['wha'],../data/sampled_images/Calligraphy/Image_4882.jpg
330,['Maxant'],['maravi'],../data/sampled_images/Calligraphy/Image_2405.jpg
331,['had-'],['haemat-'],../data/sampled_images/Calligraphy/Image_1723.jpg
332,['meelling'],['melling'],../data/sampled_images/Calligraphy/Image_2444.jpg
333,['Endompens'],['eniopeus'],../data/sampled_images/Calligraphy/Image_1327.jpg
334,['economism'],['acosmism'],../data/sampled_images/Calligraphy/Image_38.jpg
335,['bats-'],['bacillicidal'],../data/sampled_images/Calligraphy/Image_348.jpg
336,['spinent'],['spinescent'],../data/sampled_images/Calligraphy/Image_4000.jpg
337,['scalks'],['scalps'],../data/sampled_images/Calligraphy/Image_3733.jpg
338,['restbishop'],['vestalship'],../data/sampled_images/Calligraphy/Image_4767.jpg
339,['predisons'],['pedigerous'],../data/sampled_images/Calligraphy/Image_3043.jpg
340,['isical'],['irenical'],../data/sampled_images/Bodoni/Image_2098.jpg
341,['aghive'],['eighty-five'],../data/sampled_images/Bodoni/Image_1262.jpg
342,['Lomly'],['topmostly'],../data/sampled_images/Bodoni/Image_4368.jpg
343,['pladame'],['placidamente'],../data/sampled_images/Bodoni/Image_3150.jpg
344,['underborn'],['underbrim'],../data/sampled_images/Bodoni/Image_4555.jpg
345,['lovelive'],['novelivelle'],../data/sampled_images/Bodoni/Image_2809.jpg
346,['alesthetic'],['alchemic'],../data/sampled_images/Bodoni/Image_92.jpg
347,['detotiation'],['dictatorialism'],../data/sampled_images/Bodoni/Image_1101.jpg
348,['strained'],['strainedness'],../data/sampled_images/Bodoni/Image_4071.jpg
349,['where'],['wheretill'],../data/sampled_images/Bodoni/Image_4882.jpg
350,['mon-ized'],['man-sized'],../data/sampled_images/Bodoni/Image_2405.jpg
351,['gregagine'],['gragarine'],../data/sampled_images/Bodoni/Image_1723.jpg
352,['mounds'],['maunche'],../data/sampled_images/Bodoni/Image_2444.jpg
353,['emable'],['enmanche'],../data/sampled_images/Bodoni/Image_1327.jpg
354,['accompanied'],['acyanopsia'],../data/sampled_images/Bodoni/Image_38.jpg
355,['before'],['bahoe'],../data/sampled_images/Bodoni/Image_348.jpg
356,['sprations'],['spiritous'],../data/sampled_images/Bodoni/Image_4000.jpg
357,['-'],['scrap'],../data/sampled_images/Bodoni/Image_3733.jpg
358,['ventotiations'],['ventilations'],../data/sampled_images/Bodoni/Image_4767.jpg
359,['pinnacle'],['peduncled'],../data/sampled_images/Bodoni/Image_3043.jpg
360,['horhorary'],['inorthography'],../data/sampled_images/Mrs Eaves/Image_2098.jpg
361,['discidered'],['dislustered '],../data/sampled_images/Mrs Eaves/Image_1262.jpg
362,['toootic'],['topotactic'],../data/sampled_images/Mrs Eaves/Image_4368.jpg
363,['plesthetic'],['planispheric'],../data/sampled_images/Mrs Eaves/Image_3150.jpg
364,['underively'],['underivedly'],../data/sampled_images/Mrs Eaves/Image_4555.jpg
365,['nother-emals'],['north-northeastwards'],../data/sampled_images/Mrs Eaves/Image_2809.jpg
366,['Ainto'],['aimo'],../data/sampled_images/Mrs Eaves/Image_92.jpg
367,['decadisite'],['davidsonite'],../data/sampled_images/Mrs Eaves/Image_1101.jpg
368,['Trlightly'],['straight-lacedly'],../data/sampled_images/Mrs Eaves/Image_4071.jpg
369,['Wendary'],['weltanschauung'],../data/sampled_images/Mrs Eaves/Image_4882.jpg
370,['Norit'],['loriot'],../data/sampled_images/Mrs Eaves/Image_2405.jpg
371,['Gller'],['gilder'],../data/sampled_images/Mrs Eaves/Image_1723.jpg
372,['mcularias'],['malarias'],../data/sampled_images/Mrs Eaves/Image_2444.jpg
373,['drill'],['drifter'],../data/sampled_images/Mrs Eaves/Image_1327.jpg
374,['Arab'],['acrab'],../data/sampled_images/Mrs Eaves/Image_38.jpg
375,['blike'],['baikie'],../data/sampled_images/Mrs Eaves/Image_348.jpg
376,['spomes'],['spokesperson'],../data/sampled_images/Mrs Eaves/Image_4000.jpg
377,['usual'],['scutal'],../data/sampled_images/Mrs Eaves/Image_3733.jpg
378,['A'],['va'],../data/sampled_images/Mrs Eaves/Image_4767.jpg
379,['power-love'],['pea-flowered'],../data/sampled_images/Mrs Eaves/Image_3043.jpg
380,['seFRples'],['jerries'],../data/sampled_images/Nasalization/Image_2098.jpg
381,['emport'],['elmmott'],../data/sampled_images/Nasalization/Image_1262.jpg
382,['TOOR'],['tortrix'],../data/sampled_images/Nasalization/Image_4368.jpg
383,['flUN'],['pinny'],../data/sampled_images/Nasalization/Image_3150.jpg
384,['whonsonary'],['unconsolably'],../data/sampled_images/Nasalization/Image_4555.jpg
385,['over-emes'],['one-handedness'],../data/sampled_images/Nasalization/Image_2809.jpg
386,['types'],['alkalies'],../data/sampled_images/Nasalization/Image_92.jpg
387,['over-IGHT'],['diarrhoetic'],../data/sampled_images/Nasalization/Image_1101.jpg
388,['seem'],['stemma'],../data/sampled_images/Nasalization/Image_4071.jpg
389,['were'],['weer'],../data/sampled_images/Nasalization/Image_4882.jpg
390,"[""men's""]","[""meal's""]",../data/sampled_images/Nasalization/Image_2405.jpg
391,['Hackers'],['hackneys'],../data/sampled_images/Nasalization/Image_1723.jpg
392,['mistRears'],['metretes'],../data/sampled_images/Nasalization/Image_2444.jpg
393,['erorse'],['epopee'],../data/sampled_images/Nasalization/Image_1327.jpg
394,['econom-'],['actinomycoma'],../data/sampled_images/Nasalization/Image_38.jpg
395,['sent'],['beak'],../data/sampled_images/Nasalization/Image_348.jpg
396,['spe-em-emed'],['spear-famed'],../data/sampled_images/Nasalization/Image_4000.jpg
397,['self-er'],['scaphopod'],../data/sampled_images/Nasalization/Image_3733.jpg
398,['ORocby'],['uroscopy'],../data/sampled_images/Nasalization/Image_4767.jpg
399,['zem'],['pean'],../data/sampled_images/Nasalization/Image_3043.jpg
400,['international'],['interiorism'],../data/sampled_images/Algerian/Image_2098.jpg
401,['personal'],['drudged'],../data/sampled_images/Algerian/Image_1262.jpg
402,['rockered'],['tochered'],../data/sampled_images/Algerian/Image_4368.jpg
403,['neverann'],['perivertebral'],../data/sampled_images/Algerian/Image_3150.jpg
404,['underure'],['undertenure'],../data/sampled_images/Algerian/Image_4555.jpg
405,['Norneyem'],['nondivisional'],../data/sampled_images/Algerian/Image_2809.jpg
406,['have'],['alane'],../data/sampled_images/Algerian/Image_92.jpg
407,['newIDENT'],['dentilingual'],../data/sampled_images/Algerian/Image_1101.jpg
408,['se'],['ssa'],../data/sampled_images/Algerian/Image_4071.jpg
409,['wempem'],['westphal'],../data/sampled_images/Algerian/Image_4882.jpg
410,['Larccome'],['longicone'],../data/sampled_images/Algerian/Image_2405.jpg
411,['GIDENT'],['gold-star'],../data/sampled_images/Algerian/Image_1723.jpg
412,['NomemFUL'],['macrosomatia'],../data/sampled_images/Algerian/Image_2444.jpg
413,['exatriFUL'],['ekatantalum'],../data/sampled_images/Algerian/Image_1327.jpg
414,['accvious'],['acyclic'],../data/sampled_images/Algerian/Image_38.jpg
415,['Bculary'],['babblative'],../data/sampled_images/Algerian/Image_348.jpg
416,['somewem-'],['sodioaluminic'],../data/sampled_images/Algerian/Image_4000.jpg
417,['sonocan'],['sadducean'],../data/sampled_images/Algerian/Image_3733.jpg
418,['Nememary'],['valetudinarist'],../data/sampled_images/Algerian/Image_4767.jpg
419,['overplary'],['overpuissantly'],../data/sampled_images/Algerian/Image_3043.jpg
420,['do-em'],['jo-ann'],../data/sampled_images/Steppes TT/Image_2098.jpg
421,['other'],['efform'],../data/sampled_images/Steppes TT/Image_1262.jpg
422,['1coword'],['tide-covered'],../data/sampled_images/Steppes TT/Image_4368.jpg
423,['pressure'],['plaisanterie'],../data/sampled_images/Steppes TT/Image_3150.jpg
424,['-'],['uncomprehensiveness'],../data/sampled_images/Steppes TT/Image_4555.jpg
425,['doesals'],['odonates'],../data/sampled_images/Steppes TT/Image_2809.jpg
426,['days'],['alberg'],../data/sampled_images/Steppes TT/Image_92.jpg
427,['desever'],['deserver'],../data/sampled_images/Steppes TT/Image_1101.jpg
428,['stestings'],['sterlings'],../data/sampled_images/Steppes TT/Image_4071.jpg
429,['notvotted'],['well-valeted'],../data/sampled_images/Steppes TT/Image_4882.jpg
430,['Model'],['medell'],../data/sampled_images/Steppes TT/Image_2405.jpg
431,['hombhet'],['haemoblast'],../data/sampled_images/Steppes TT/Image_1723.jpg
432,['made'],['mesole'],../data/sampled_images/Steppes TT/Image_2444.jpg
433,['contleg'],['epilepsy'],../data/sampled_images/Steppes TT/Image_1327.jpg
434,['accesss'],['actualising'],../data/sampled_images/Steppes TT/Image_38.jpg
435,['back'],['backsping'],../data/sampled_images/Steppes TT/Image_348.jpg
436,['sparcs'],['spawns'],../data/sampled_images/Steppes TT/Image_4000.jpg
437,['superples'],['sampaloc'],../data/sampled_images/Steppes TT/Image_3733.jpg
438,['dro-road'],['uteroplacental'],../data/sampled_images/Steppes TT/Image_4767.jpg
439,['pemptends'],['penny-pinching'],../data/sampled_images/Steppes TT/Image_3043.jpg
440,['new'],['inswinger'],../data/sampled_images/Cambria/Image_2098.jpg
441,['Dreda'],['dreeda'],../data/sampled_images/Cambria/Image_1262.jpg
442,['their'],['tinnier'],../data/sampled_images/Cambria/Image_4368.jpg
443,['perpler'],['perplexer'],../data/sampled_images/Cambria/Image_3150.jpg
444,['under-redict'],['undergraduette'],../data/sampled_images/Cambria/Image_4555.jpg
445,['noneine'],['nonsine'],../data/sampled_images/Cambria/Image_2809.jpg
446,['whudSecretary'],['alcoholometry'],../data/sampled_images/Cambria/Image_92.jpg
447,['dec-comed'],['deep-browed'],../data/sampled_images/Cambria/Image_1101.jpg
448,['stim-eared'],['stream-laundered'],../data/sampled_images/Cambria/Image_4071.jpg
449,['west'],['westleigh'],../data/sampled_images/Cambria/Image_4882.jpg
450,['Mvationia'],['makedhonia'],../data/sampled_images/Cambria/Image_2405.jpg
451,['grads'],['gradients'],../data/sampled_images/Cambria/Image_1723.jpg
452,['marregables'],['marriageableness'],../data/sampled_images/Cambria/Image_2444.jpg
453,['electestress'],['elementariness'],../data/sampled_images/Cambria/Image_1327.jpg
454,['accoleetic'],['acroteleutic'],../data/sampled_images/Cambria/Image_38.jpg
455,['bangeling'],['bangling'],../data/sampled_images/Cambria/Image_348.jpg
456,['soends'],['sorento'],../data/sampled_images/Cambria/Image_4000.jpg
457,['many'],['salability'],../data/sampled_images/Cambria/Image_3733.jpg
458,['addroer'],['veldtschoen'],../data/sampled_images/Cambria/Image_4767.jpg
459,['porneylike'],['pansylike'],../data/sampled_images/Cambria/Image_3043.jpg
460,['couuss'],['jacques'],../data/sampled_images/Gill sans/Image_2098.jpg
461,['Edroad'],['edmead'],../data/sampled_images/Gill sans/Image_1262.jpg
462,['moderns'],['toxaemias'],../data/sampled_images/Gill sans/Image_4368.jpg
463,['Proor'],['pizor'],../data/sampled_images/Gill sans/Image_3150.jpg
464,['underable'],['undiffusible'],../data/sampled_images/Gill sans/Image_4555.jpg
465,['obed'],['oinked'],../data/sampled_images/Gill sans/Image_2809.jpg
466,['author'],['akhrot'],../data/sampled_images/Gill sans/Image_92.jpg
467,"[""detact's""]","[""detachment's""]",../data/sampled_images/Gill sans/Image_1101.jpg
468,['strate'],['strafe'],../data/sampled_images/Gill sans/Image_4071.jpg
469,['skip'],['whiplike'],../data/sampled_images/Gill sans/Image_4882.jpg
470,['-'],['mayathan'],../data/sampled_images/Gill sans/Image_2405.jpg
471,['guardpport'],['guanophore'],../data/sampled_images/Gill sans/Image_1723.jpg
472,['MamemFUL'],['mesembryanthemum'],../data/sampled_images/Gill sans/Image_2444.jpg
473,['stans'],['enfacing'],../data/sampled_images/Gill sans/Image_1327.jpg
474,['acotiary'],['acropathology'],../data/sampled_images/Gill sans/Image_38.jpg
475,['between'],['balloen'],../data/sampled_images/Gill sans/Image_348.jpg
476,['so-ressed'],['spotted-breasted'],../data/sampled_images/Gill sans/Image_4000.jpg
477,['sroes'],['scleroses'],../data/sampled_images/Gill sans/Image_3733.jpg
478,['economwardation'],['vectorcardiographic'],../data/sampled_images/Gill sans/Image_4767.jpg
479,['patriative'],['penetratively'],../data/sampled_images/Gill sans/Image_3043.jpg
480,['inrew'],['inmew'],../data/sampled_images/Futura/Image_2098.jpg
481,['decoleated'],['draggle-tailed'],../data/sampled_images/Futura/Image_1262.jpg
482,['taries'],['titanites'],../data/sampled_images/Futura/Image_4368.jpg
483,['potiessors'],['pentaphylacaceous'],../data/sampled_images/Futura/Image_3150.jpg
484,['undering'],['undeclining'],../data/sampled_images/Futura/Image_4555.jpg
485,['horotiational'],['nonmotivational'],../data/sampled_images/Futura/Image_2809.jpg
486,['altron'],['albronze'],../data/sampled_images/Futura/Image_92.jpg
487,['delplally'],['delphically'],../data/sampled_images/Futura/Image_1101.jpg
488,['groups'],['stangs'],../data/sampled_images/Futura/Image_4071.jpg
489,['were'],['wfpc'],../data/sampled_images/Futura/Image_4882.jpg
490,['IP'],['ltp'],../data/sampled_images/Futura/Image_2405.jpg
491,['absorposase'],['gloeosporiose'],../data/sampled_images/Futura/Image_1723.jpg
492,['mistemessors'],['malfeasances'],../data/sampled_images/Futura/Image_2444.jpg
493,['electroadessors'],['electrodiagnoses'],../data/sampled_images/Futura/Image_1327.jpg
494,['addis'],"[""adder's-meat""]",../data/sampled_images/Futura/Image_38.jpg
495,['bounds'],['barrels'],../data/sampled_images/Futura/Image_348.jpg
496,['-'],['seething'],../data/sampled_images/Futura/Image_4000.jpg
497,['son-es'],['saint-denis'],../data/sampled_images/Futura/Image_3733.jpg
